Transaction ID,Card Number,Amount,Class,Transaction Method,Timestamp
IZUMAFZVKUHD,842585321112,35246,0,UPI,12-03-2012 03:15
ZLWQFOKPEPTQ,832724535178,58692,1,Debit Card,21-04-2020 12:53
OIWDQBWDIUZY,410453711092,32815,1,UPI,07-07-2015 02:06
WJHOJMAAHAGG,415618700594,75019,0,UPI,09-03-2018 07:26
IMJJMJTLDFIM,261099167934,27147,0,Debit Card,27-07-2023 22:53
PLISKOBPZUKL,245164853406,78924,1,UPI,26-01-2020 10:54
WGQPANAITGJO,980118691380,44765,0,UPI,02-04-2012 01:49
VAVAARZJUCQZ,969081177135,91521,1,Debit Card,12-03-2011 16:19
HDCDGQQEBZVF,356885342870,33977,1,Debit Card,15-10-2010 03:55
OJCFBMBTXRGV,842818777152,71000,0,Debit Card,18-07-2021 00:42
KPBEJWRYBPYX,105494259964,35190,1,UPI,27-01-2010 14:07
PBTZXRYFZAXM,407447089832,80739,1,UPI,04-06-2011 02:09
VYGCLVLLGYMT,194959336981,95803,0,Credit Card,04-03-2015 22:23
CTSLPNMPMUCW,517335897045,88614,1,Credit Card,02-01-2015 16:35
WRXPCPNUYCCP,499032580315,32664,1,Credit Card,15-04-2017 13:06
GJSDIHJXQYRD,393646257153,98962,0,Credit Card,16-08-2022 04:29
PWPAHAKJMMFK,670426738007,13588,0,Credit Card,03-07-2015 01:45
CUUAZROOFBMK,509930898341,80857,0,Debit Card,04-12-2023 11:34
BBUGERFQTIIP,210063629836,41739,1,Credit Card,09-06-2012 04:15
USRSSDKKIGKN,895202254023,77705,1,Debit Card,26-01-2015 04:49
LMTNUQVXNJHN,645615505859,42460,0,UPI,02-04-2023 09:00
JRUKIRHCRQFX,887424313832,47052,1,UPI,15-11-2010 02:42
WCFEGBJHMRIE,961550097222,64552,0,UPI,21-11-2020 18:56
GNGSYDVQDEPQ,892767510116,63617,0,Debit Card,05-01-2017 01:27
WYPJSSUBVBQX,627819449773,54215,0,Credit Card,20-03-2013 22:48
VFTBDIUQAOTZ,265825492304,95934,0,UPI,03-07-2013 11:44
LGZFOPNPDDOQ,127796498539,23500,1,Debit Card,19-05-2022 20:14
AACJANZPITYF,163714072710,67244,1,Debit Card,10-06-2011 21:46
REJWVSGZVQDS,134760882302,13597,0,Debit Card,20-01-2020 08:42
BLSNCAVMQRXP,204554826585,86505,0,Credit Card,08-06-2023 20:47
SBNZQRQWBODW,874100592678,71056,0,UPI,26-04-2016 11:25
UKZIHZRFZIJB,361610976974,59189,0,Debit Card,03-04-2013 22:59
STRVEILIWJAH,547178784160,44971,0,UPI,08-01-2011 06:18
UARTDXDKNZJL,445616181370,79402,1,Credit Card,17-01-2011 23:52
TCESVEJZNSPK,373255938334,14549,1,Credit Card,01-12-2018 19:39
BJDZCPGDUVPY,795222933383,43792,0,Credit Card,10-01-2012 06:22
SPPGSPJCSVQF,999917909775,72873,0,UPI,13-02-2014 17:21
VNJBFAHXOIAJ,550924474465,99033,0,UPI,17-09-2016 07:26
MCYTGHVPSBXU,955303838117,45019,1,UPI,24-02-2013 23:56
HSVPEFGVNLJH,624774428507,42613,0,UPI,16-08-2014 12:23
QCEYZDRFZPQG,328341300827,14339,0,UPI,09-03-2022 03:15
ZSCTBKVLVWDU,255598512596,64515,1,UPI,23-09-2013 08:24
PJIDSPBKJXTZ,115326901282,46499,1,Debit Card,21-04-2010 00:27
HSTEIHKAGNOT,139854176825,90668,1,UPI,24-02-2018 19:39
ULRSOWNTANVO,705339519458,30727,0,Credit Card,07-01-2021 19:16
JSECVJCLZEKJ,839393107867,38345,1,Credit Card,16-06-2021 21:47
UOOSENYWGSCX,946121087928,30178,1,UPI,20-06-2014 22:16
ZZOFCLMCSGFR,301810576470,98808,0,Debit Card,18-09-2011 05:18
JFPSYLXPNIZE,550781108311,14127,1,Debit Card,12-11-2021 01:54
JYPJCHOBOVNZ,258390164230,33624,0,UPI,16-04-2017 01:49
IZIBNGLIGWJW,962619643326,96478,1,Credit Card,16-05-2020 19:50
CZXYSLCRZOOY,414815090446,56320,0,Credit Card,04-04-2024 20:40
ENLZRPMXQMFT,546204904989,95507,1,Credit Card,01-06-2011 04:03
HLDDSUKELFJC,640993040629,45433,1,UPI,22-02-2012 05:45
ANIWJRYMIFSC,728596428559,96508,1,Credit Card,27-05-2016 19:10
LGUDTEYGDBSU,413634063654,55107,1,UPI,19-11-2016 12:41
PLUCPWIDWOEN,556298308192,32356,1,UPI,26-11-2019 01:17
DSZNKKQBKPNI,834744243492,15201,1,Credit Card,07-11-2017 06:04
JVJQPJFHKBXN,986508073720,80767,1,Credit Card,28-10-2022 21:28
TUBDUVXFWUWH,135642133030,82657,1,UPI,09-05-2015 20:56
DZUKONFHEAUS,542522220085,70818,0,Debit Card,06-02-2011 17:36
GJPRXCNHGIMG,433769084729,79816,1,UPI,22-09-2023 16:24
SNUVKINWQOPR,312991967413,16214,1,Credit Card,26-01-2015 03:53
FADVDMMELKVK,449953460940,85540,0,Credit Card,22-06-2010 02:14
DRBHXBNBTEUZ,790291711733,40788,1,UPI,13-04-2022 07:06
VLWWUAAUUUYB,563887925037,27046,1,UPI,11-12-2022 04:39
EFNHPZMUPSEZ,245461247612,18127,0,Debit Card,19-07-2018 09:10
FIAZTIDLYCSU,864025755784,25736,1,Debit Card,06-11-2013 17:05
NUIYBKIXZVUC,431853184111,54509,1,Debit Card,20-05-2016 19:00
VNHOYZAYQKCS,738108734824,52228,0,Debit Card,19-04-2022 00:59
TUEHOULUQOJC,359777892861,18595,1,UPI,03-12-2014 02:01
ZVVJSNNXBRTC,870090162160,77517,1,Credit Card,16-01-2017 11:24
ZXHQUXNXRMTV,968354552460,90929,0,UPI,13-01-2020 19:57
JLZLCPQDKTIQ,103241745654,25948,1,UPI,08-04-2021 07:16
DZUMIZIFGONB,566566932419,83091,0,UPI,05-01-2011 16:51
EIMCLUZFZPPR,560556295619,20212,0,Credit Card,02-09-2010 00:54
BFYLCBOTNDCF,594531746601,94926,1,Credit Card,22-09-2016 16:04
SXUCTYEQABMH,266753559716,50555,0,Credit Card,16-01-2010 07:17
CHMSNAIOPVOX,541742422501,74534,0,Debit Card,19-01-2024 09:10
GSJDZPFGVWMY,825022267604,90241,1,Credit Card,26-09-2016 11:43
HZKUFVOENIUJ,716834493119,48574,0,Debit Card,26-02-2022 08:24
ZEBQCQLICETW,435071510777,32690,1,Debit Card,07-10-2013 15:28
ITBEIVEEHEVH,804393433343,80064,1,Credit Card,28-09-2013 23:52
QQVPJCFXAIRW,730541931206,54796,1,Credit Card,17-10-2011 18:16
MGNTKZDUNLZE,226518534539,63021,0,Credit Card,28-01-2010 00:10
QVZJGKTJLIEM,935149787495,35304,1,Credit Card,14-08-2024 05:07
ZKLLSPAOXCML,146465523937,32341,1,Debit Card,17-11-2010 23:02
AZDWMLBTAJLH,522907982815,90037,0,Debit Card,02-06-2014 03:39
WWYTVPFHFWVG,335560343922,55284,0,UPI,05-01-2018 11:27
EAUSYKVDPKHV,563249733186,62580,1,Credit Card,02-05-2014 17:30
OTQZMHPUYMSJ,162463880333,55569,1,Credit Card,25-02-2011 16:56
XWPZKVNQMFWE,756015637212,96174,1,UPI,19-02-2023 00:47
ETJAYSKYSKKD,464769818185,43620,1,Debit Card,17-05-2024 20:01
CWPRSOPWNHDH,822817455842,82957,0,Debit Card,13-07-2016 19:25
ACVOCAPGBATI,300863858147,94660,1,UPI,09-08-2023 04:43
VWDZDPUZBQTS,207610487002,46602,0,Debit Card,23-09-2017 20:51
YTIZDFIEYZBZ,109537697425,66354,0,Credit Card,26-06-2014 01:57
FEWLMTJKZPMX,407578185720,22823,1,UPI,04-08-2020 16:53
XCJPIZTHBBOT,819640139297,24757,0,Debit Card,01-01-2016 04:18
XKNHUXLPMSPK,488802937605,36633,0,UPI,12-07-2021 00:50
TYULUTSETEAL,283996927737,36941,0,Credit Card,18-07-2014 07:38
GUKAHWIYBBUY,662820026720,43971,1,UPI,09-12-2020 22:03
FVAMXJJAWUJU,773629785840,43676,0,Credit Card,04-07-2020 04:53
RWKWHRPWFCHF,718283950963,52858,1,Credit Card,24-08-2021 09:17
NSRYLZWOSKJH,252303381142,39867,0,UPI,25-08-2021 20:12
PKSDJRUZRTEL,752591991762,26192,1,Credit Card,03-01-2020 12:25
GKOHSJYFIIEU,167453389107,12846,0,UPI,08-12-2013 06:13
UNNECOTVXNCY,365834087697,94304,0,Credit Card,15-08-2013 06:46
XFUHLYSVESIT,126261154399,88007,0,UPI,03-03-2019 05:54
FCOEQDVRAZSH,638977449471,48701,1,Debit Card,16-03-2012 19:36
KGCUZTMUPTKK,691352183931,78440,1,Debit Card,18-02-2010 16:28
FLCZTNHWKACS,640437104497,16159,0,Debit Card,25-02-2019 18:29
NNWIUQVFHSFQ,973758279729,83397,1,UPI,08-06-2023 05:14
HHEMHDZZOSER,610829571108,59569,1,UPI,21-02-2016 23:08
TNKTRVKERCDJ,231768631661,18128,0,Debit Card,09-05-2017 23:57
VYHOQECLSJMY,996291516796,94033,0,Credit Card,18-05-2019 15:01
CXUKRIPYVSZQ,587024722582,63688,1,Debit Card,19-02-2017 02:38
ADHFQZNAUHJF,786730080821,98914,1,Debit Card,01-03-2023 14:57
BUFIIGGNHOBD,583728790247,34685,1,Credit Card,15-02-2024 09:48
HYTNINJMARLX,101331172443,79060,0,UPI,10-11-2016 04:56
MJJACZCOXEEC,947614742397,83638,1,Credit Card,13-02-2014 19:36
AHWOMZQZWUVP,127971799269,46831,1,Credit Card,14-06-2016 03:53
KTWSVIBFEXUN,355323777645,54669,1,UPI,15-09-2017 02:30
FPUEWTTWSSLD,149625757472,98318,1,Credit Card,11-08-2014 01:49
JEHMTVGYWXWX,254371591340,74368,1,Credit Card,11-05-2024 09:55
VJMDORDRGUGU,433258615737,14597,0,Credit Card,01-04-2024 03:46
YOJQVXGLSDRU,222947776387,10803,1,UPI,11-03-2017 18:08
HKFQITTLQAYC,517468201015,97805,1,UPI,13-08-2010 18:02
OSDKKYVLJQJU,731670626145,12771,0,UPI,03-05-2018 19:19
YBWMDSUHVWUD,915352344766,51422,0,Credit Card,01-07-2011 10:01
UQIHLHEZOTVT,873471704878,72286,0,Credit Card,05-11-2014 09:55
GMWMLGCKBRQE,179749235124,91280,0,Credit Card,08-05-2010 19:33
BIXVDQETVJWS,486702012265,55630,0,Debit Card,17-07-2022 10:34
EAXTDCGDLENW,566632360242,84187,1,UPI,17-08-2014 09:52
PKOSFRNYQHSB,517032266837,14877,0,Debit Card,13-10-2021 04:06
AOIPPUHWWZJT,274159159732,40142,0,Credit Card,03-10-2016 16:32
JLWCEODRIQTE,892460947613,19849,0,UPI,03-08-2013 20:14
EYNRVNVOQAAD,553790757760,64692,1,Debit Card,17-05-2017 23:14
ANVRGUHRDTQJ,221967013766,50781,0,UPI,03-09-2016 00:59
PHSJLWGSKYVR,345285647909,90876,1,UPI,01-12-2015 08:18
DMNNBCSIYCXP,929060610107,73508,0,UPI,09-12-2011 07:58
KXKIJGGCJUUJ,119815619071,24136,1,Credit Card,12-07-2015 18:44
SDFCBKHOHDAI,657137523415,31800,0,Credit Card,03-10-2016 04:27
WHHLCGTZKRKB,268170235197,63806,0,Debit Card,04-10-2023 16:44
LAPKNLEHEMZV,213954230252,56740,1,Debit Card,01-09-2018 13:26
VXGOZGUKWKTE,934285834635,46897,0,Credit Card,06-11-2018 15:53
CNFMCHCYBAKC,272085706745,94361,0,Debit Card,15-06-2018 03:08
PJIBDFEVPPRR,256495754011,20838,0,UPI,06-02-2021 13:30
IPWMSEYRXBGO,544487944578,18211,1,UPI,09-03-2021 17:08
CJOEXIBEVDHQ,636415009136,28537,1,Credit Card,19-05-2016 11:52
ARAGDBKASTOX,215423142425,71579,1,Debit Card,21-02-2022 18:08
YRRKTJCGUGBT,475772665103,63850,1,Credit Card,01-03-2017 23:29
PNJAXKZNCUPV,857984035515,49066,1,Debit Card,12-10-2019 21:53
ZMXOAKFHRYRN,850545011783,50973,0,UPI,16-08-2017 04:38
YDPGJVCZLNBN,992484810815,23597,0,UPI,17-02-2014 06:34
TXNPGXNTZSYG,326430520056,11034,1,UPI,17-12-2017 15:04
SABSVFCKVKRW,133045339849,46932,0,UPI,27-03-2012 13:51
JDMPFTKHHGEV,940997535236,92805,1,Debit Card,07-04-2022 03:01
CCFAGOSFTOOW,671419295628,30387,0,UPI,06-12-2022 08:23
HOQEZNELJCUJ,100383678592,34495,1,UPI,06-05-2024 09:16
KEHAIBKJQDGG,561733644335,64705,0,UPI,22-06-2024 10:39
UHZRCQFSUHDZ,562568747396,19753,0,Debit Card,06-07-2022 21:41
NAVXYUWJIDGT,912938830985,58626,1,Credit Card,02-02-2015 05:31
FSJFFJBKUHOT,280585583917,76460,0,Credit Card,18-04-2012 19:36
NCSPQMMDGSQB,587825668580,67552,1,Credit Card,20-03-2012 22:20
SOOEOPRGWTZV,180553099624,91608,0,Debit Card,12-06-2019 03:40
IZYALRNWZVYG,418190236601,79326,1,Credit Card,26-05-2024 13:43
JBHEMOUCTQMR,895599472114,40316,1,Debit Card,26-11-2017 22:42
QPIHMSWYPMQH,229312620011,57446,0,Debit Card,15-06-2013 00:33
UBLVSDYKYGUT,502597103831,31584,0,UPI,19-08-2011 05:45
HFQFSJAMJMIK,372998547282,23965,0,Credit Card,14-09-2024 23:31
DLPGMPSJHEHT,485573081350,86350,0,Debit Card,07-05-2010 05:22
PLGOKOZZINNF,674178764975,42423,0,Credit Card,15-05-2011 10:48
IGPEZTJNBRNR,596665165853,79737,1,Credit Card,01-06-2014 11:54
GBFMWCHLNTUK,959285816684,83078,0,Credit Card,05-06-2011 06:52
UYNAVGUXUOGZ,559684089518,16763,0,Credit Card,18-05-2010 02:02
RZXLVDXKDBXF,618229709811,92373,1,Debit Card,28-02-2024 12:56
JFPCXWQAQOGZ,247440802092,60713,1,Debit Card,04-03-2014 00:02
TQZDCBSJKNIU,346905230961,64214,1,UPI,18-12-2020 04:52
VXPTJUEEBKYA,970684628124,52771,0,Credit Card,10-11-2019 02:22
NAZGCZKRIYAC,180777412492,57399,0,Debit Card,28-05-2019 19:13
VZGTJLEBQLTU,716351735555,27667,1,UPI,22-10-2022 00:32
GVCHHKZZBEXA,469860695202,35243,1,UPI,28-03-2024 09:23
MDRNBKKDQMCP,987233607347,31075,1,UPI,08-02-2021 13:45
ZJEHIBZWVPAR,803175017086,87723,0,Debit Card,01-11-2016 09:31
ZAKRCYOWWTQH,231557797820,15895,0,Credit Card,24-12-2022 11:44
BBWROJMGKSLC,368815572723,21094,0,Credit Card,09-11-2022 06:40
FAEUVHFGBAZU,687807164127,12294,0,UPI,24-09-2013 15:47
HMOJIVPAJJEJ,351802421388,60061,0,UPI,18-09-2012 01:56
GHGSDPISEKEE,679087497716,41804,0,UPI,02-07-2013 07:53
BLIDMQOIXRKJ,702491135047,10423,1,Debit Card,21-05-2010 16:30
HQAGSFKMUKBC,447254221927,15620,0,UPI,21-06-2021 12:13
ZNBUUSJKLWUQ,465593569793,60209,0,UPI,10-12-2018 12:32
NZNLAFTMNFRX,617197597729,10979,0,UPI,12-02-2010 14:46
KCUBQWGKBXYM,785104507878,75368,1,Debit Card,12-07-2022 10:37
NHWXNCQQEZPZ,906155067943,66972,0,Credit Card,19-02-2022 11:02
NYLMYRJWEVIH,587240059476,69043,0,UPI,23-03-2019 20:53
TKUHLGFGRLEJ,146892832421,29356,0,Credit Card,01-11-2019 21:38
POGLYDZSEBIM,636215953898,68395,0,Debit Card,25-11-2018 17:19
LTTEGBEYWOLT,342843748110,66256,1,UPI,18-02-2023 22:36
OLDCDYLNDGET,180419155535,39025,1,UPI,13-08-2012 18:31
GPZNSLBMKVBD,834675295851,71316,0,Credit Card,03-11-2023 04:48
LRSXXMQNSNFB,334976416065,84962,1,Credit Card,10-11-2016 10:48
FOPHYKFGNCLZ,711482379620,83628,1,Debit Card,04-12-2017 09:15
CGFBPHXREQHX,273459536235,29966,1,Credit Card,27-09-2012 17:35
WXHUAUPGTINT,967189931442,76203,0,UPI,20-04-2023 19:34
ZZRMGQOUUAMS,810711573806,64765,1,Debit Card,12-07-2019 07:39
XMCSJACVXTXA,660705284908,34611,1,Debit Card,13-04-2011 21:46
HFQFCBOVJIEM,897339955874,17327,1,Credit Card,15-10-2012 05:40
HLQXVDNGLUUW,742304500652,11119,1,Debit Card,04-01-2023 17:49
IDHCWFZFSSCH,758643406939,85539,0,Debit Card,23-02-2014 09:00
TVONFDDEAYUX,731118262076,55452,0,Credit Card,26-05-2020 12:08
TFJRGZJBOKZI,164896416558,82320,1,Debit Card,24-02-2024 14:42
CNGMADYVKPEM,355933684091,12207,0,Debit Card,11-09-2018 02:48
WDBLFILJRDKB,227316997322,26960,1,Credit Card,19-06-2020 14:13
TRLLSAEYJBKT,998245574315,86053,1,UPI,09-01-2013 18:26
DNUHFUDDHYQJ,644708510919,37056,1,UPI,08-09-2013 08:48
YXHMCBYJMRQH,859768599347,30637,0,Debit Card,28-11-2019 11:37
VEYQWUUVRPQX,356900026638,59628,0,Credit Card,02-02-2011 02:19
GPLYBJAYQNIJ,593919705554,95728,0,Credit Card,28-07-2011 10:47
UGFDJRGCCSGN,958424268286,74457,0,Debit Card,10-09-2013 19:37
XCPCMFRDCUDK,255954464781,15853,1,UPI,27-02-2015 13:41
SSEWSEJFUPLF,588440682139,99596,1,Credit Card,19-11-2015 03:33
LMNLNJTBUJMA,293808938580,39232,0,Credit Card,18-07-2011 15:39
VYDAVNCFTFHH,223445183014,77449,0,Credit Card,14-02-2013 02:27
XHFHKUAWWIVY,601631163039,81967,0,Debit Card,02-05-2014 10:49
XPUCTVUYUAHU,540895251317,40103,1,Credit Card,22-08-2012 16:31
KOGCQCYQPNHE,767508930312,45146,1,UPI,03-07-2015 21:20
PRECDFHKXHTU,113877804312,11525,1,UPI,12-10-2013 05:54
DRESALTAFKRA,175742458940,24738,0,Debit Card,16-07-2024 20:17
HPISECNZTMSV,813094021731,15845,0,UPI,12-11-2016 09:43
VKVPPPQKQQJW,323650216077,95440,1,UPI,23-06-2018 21:15
MNOLKNIXSGGO,911815223498,23603,1,Credit Card,01-04-2024 16:42
OKQXPRGRSYYU,276784996198,48044,0,Debit Card,08-03-2024 14:36
KEATEDDJILHM,505819331243,96188,1,Credit Card,20-04-2014 23:12
OSKONSRJHOZF,954708065339,15630,1,Debit Card,25-07-2013 22:16
VDZCGIETNPZI,117768716760,58183,0,UPI,11-01-2013 15:08
VYYMHRYRDPWU,611510411960,33423,1,Credit Card,08-12-2018 11:57
HSBZQYVHYADG,554724463068,45507,1,Debit Card,02-09-2015 18:50
XUCYJRQYLEMZ,852925612770,99140,0,Credit Card,19-04-2022 23:27
DPITWQRAAIYQ,141245293614,99276,1,Debit Card,21-05-2011 15:50
HPVWYFWLOEAC,585142772701,13639,0,Credit Card,01-03-2021 17:46
CLBOKUCFANQW,608078888665,61020,0,Credit Card,18-11-2021 17:14
XUKMFXMCFEKG,439634862303,74761,0,Credit Card,20-05-2011 02:52
SHLYAUIQWWYJ,528881227899,29403,1,UPI,26-10-2021 22:20
WNCOWAABFEYP,393337732783,27253,1,Credit Card,02-04-2014 20:16
HOQWYELXZXOC,562990956837,48907,0,Credit Card,17-07-2011 06:00
RHHKAQLWSYGE,938768462480,18271,1,Debit Card,07-09-2018 02:16
WWNVRVOHBGOC,901876331697,17186,0,Credit Card,25-06-2024 01:19
HAFRVFYCCXUY,239074014015,70543,1,Credit Card,11-09-2023 20:01
KYIREYKTDBYX,730625976244,26695,0,UPI,16-01-2016 21:01
QEJWDNZRKHIQ,168761145248,10833,0,UPI,15-07-2021 08:03
RFOGMSASZYHX,934726028696,52919,1,Credit Card,17-02-2017 16:12
ALGNKUKBZBOD,166372086247,61689,1,UPI,19-04-2017 00:52
JWJDUDHUNWKO,181157576537,72744,1,Debit Card,10-06-2017 09:27
JRHGAJJPNGMB,679915004587,33383,1,Debit Card,01-05-2010 18:25
SIKNYQKADXUO,613420829055,32846,1,Credit Card,12-08-2010 03:02
WPPYNJHZDPSG,981637177119,27425,0,UPI,02-11-2020 15:34
GGSHOHHFGAXH,651440897611,93193,1,Debit Card,18-06-2011 08:06
PJIMSYXXHQFD,141194264153,64008,1,UPI,24-06-2018 12:09
RNTVPYLMPEVM,148200126548,82833,0,Credit Card,08-03-2017 21:43
TYBWWXHFCMVU,671184337346,15891,0,Credit Card,16-10-2013 08:58
FPJOJBAIQZWA,195092436138,60536,1,Debit Card,17-10-2017 21:47
YXUCMBIQRSYE,393196397269,37143,1,Credit Card,12-09-2012 12:28
IYSIESUYDHDX,510910486925,48070,0,UPI,22-12-2022 20:52
XFIXSFNXYKYW,957179260354,51264,1,Credit Card,02-09-2022 10:44
IMHCPZOSCRJF,496881690892,57758,0,Debit Card,07-10-2020 10:22
TSJHQVSKIHRZ,627907925173,20494,0,Debit Card,01-10-2012 18:58
YHREEIQRLRYT,129633279117,79680,1,UPI,25-07-2012 01:43
XKTQMDAAMTCT,573721929603,70685,1,Debit Card,01-01-2014 15:02
RJZTXYKESXCO,438942432326,93601,1,Credit Card,22-03-2023 11:13
DYAWISBALKGB,586902971907,52339,1,UPI,04-10-2016 13:31
YUZQBQGBWKMH,107587149555,28803,1,Debit Card,12-06-2017 03:36
UXHXQGBXUPTF,592294680980,36693,0,UPI,02-11-2017 14:53
RUKETOIDGTJV,343269074353,80363,1,UPI,02-02-2014 02:10
MXCERZULQMZN,479856724238,99254,1,UPI,01-12-2024 19:09
MTEVDVTMHUSY,585830118378,69004,1,UPI,14-08-2015 07:14
QLVTRMQHUZKX,220237216259,13545,1,UPI,09-08-2016 21:18
IMDRPTYHGXOB,782326268355,53106,0,UPI,16-03-2024 05:33
SIQGSXPOGERL,554603323671,42913,0,Credit Card,07-11-2014 02:07
GMQIWPBHAXPY,571004625733,13385,1,UPI,20-09-2018 03:20
ZZMBMFQNSDMZ,167337990903,77150,0,Credit Card,22-07-2019 14:19
GRRCXUHDAYVQ,928221810946,77149,1,Debit Card,27-11-2012 02:00
IFKEMPDMWSKI,498595594218,15736,0,Debit Card,08-08-2010 22:54
IQGRTQJLTQGA,826819758178,42445,1,Debit Card,15-06-2012 09:07
KWBTPXHCFAUL,878099807138,79219,0,UPI,16-10-2016 10:54
MEQUMELNAXHW,677282722711,86025,0,Credit Card,21-03-2010 08:28
IEPIJMISXDJJ,412254239462,85648,0,Credit Card,15-06-2023 04:31
WYPTQIZCLPEM,968971009589,36106,1,Debit Card,25-02-2013 20:20
HNZYFPIXXUUX,305432927059,45320,1,UPI,08-02-2011 00:37
HYWMQGZAFEWT,369301347382,67840,0,Debit Card,28-11-2012 03:25
YMASFLBSDEQB,752313501946,79100,0,Credit Card,07-07-2023 08:17
QVYHTDVQVJAL,801492843069,34473,1,Credit Card,12-06-2013 13:28
IOZKESBYKWGS,343570515223,79096,0,UPI,05-01-2020 03:37
HCDKXPCEMBGS,837464870611,58802,1,Debit Card,18-07-2018 23:33
RTXZETWHMIUL,377616291898,57315,1,Credit Card,22-12-2015 18:47
PTEUXBYMIYZA,656676794358,84716,0,Debit Card,10-11-2023 02:13
XKFGJFABEPXF,435312459696,56458,0,UPI,17-03-2016 10:44
YESRVZAFUUPL,340971462415,10668,1,Credit Card,11-02-2017 02:17
FVIUSEZYUTNN,642635082053,96302,1,Credit Card,05-04-2015 15:12
LKUDRTDFLMCZ,482994122282,80802,0,Credit Card,12-02-2023 05:07
QRUTHHBTVNAJ,917090136249,90491,1,Debit Card,17-03-2013 19:41
TCOKPWBWJETG,968204236852,44213,1,Credit Card,11-12-2017 16:58
KLPTOPSOTSEA,296977569170,34060,1,UPI,10-10-2021 06:25
URBGVFDANBKA,654199930512,77365,1,UPI,12-04-2011 10:47
LZKHTFIXIYCE,806457509197,90198,1,Debit Card,18-11-2013 10:13
CKBQEOQFVGBX,211756373716,36974,0,Debit Card,01-06-2012 03:42
QBTAIALTVTWN,472989164284,35914,1,Debit Card,15-09-2017 14:11
WVXYBKWPKFUF,768142184055,85160,0,UPI,20-03-2011 05:36
WVJWZXTSIYST,335297134783,17066,1,Debit Card,25-02-2016 18:16
HUEBVTRKJOYS,315430549106,23769,0,Debit Card,12-06-2019 09:05
NBNSARAHBISV,290717676053,89441,0,UPI,24-09-2013 10:58
SNAVQTJLYRYO,885865877591,87706,0,Debit Card,13-11-2014 06:00
NAKZBLUUGSDA,887211952497,77371,0,Credit Card,16-02-2022 01:47
ILVRSIIVGWSO,441756815587,49238,0,Credit Card,14-12-2018 19:36
ZCOQQFFUWWXC,696956510328,87373,0,Debit Card,06-06-2020 15:15
KLVRSNLQMLUU,794574306840,35238,0,Debit Card,21-04-2023 05:32
MCWKJHGCMHBV,417926421332,94877,1,Debit Card,16-02-2018 09:15
EGDKLMLQGVPD,665185236680,15425,0,Debit Card,11-09-2013 18:16
EIEARLQBIOQU,126339586565,46171,1,Debit Card,06-12-2011 19:42
ZWZBEPTOIGQO,444081447303,97559,1,UPI,12-06-2022 08:59
YENXXSDKGFIL,154123360045,18415,0,Debit Card,02-08-2010 00:10
BYMAUHWZECLI,271112101758,44029,0,Debit Card,23-06-2019 07:16
RCWDLHNKZADC,900766007850,55521,0,UPI,20-12-2017 19:49
JCODCOZWUKNF,444814045553,72044,1,UPI,18-03-2018 18:25
IDRNOYRMMXCY,542556363396,26684,0,Credit Card,21-07-2016 09:47
THHVGYCHOVCF,777872456824,51377,0,Debit Card,20-12-2011 12:55
TBNIGKPNULZL,254191491098,37675,1,UPI,05-11-2017 12:06
FFLVYIXMRAVT,998928250882,69925,0,Credit Card,28-10-2018 02:39
RKIYQPPUSLLP,560640614040,24263,0,UPI,03-06-2018 00:13
FSNAVLWSWPZD,832838886106,31460,0,UPI,26-04-2012 14:52
BIGUGRTNSDVA,772225650967,79200,1,Credit Card,20-11-2011 06:11
NTRAWLGDBNZA,576414775756,11260,1,Debit Card,17-08-2017 08:55
MEZVVFMKHUTN,743408795305,55896,0,Credit Card,13-07-2023 04:35
YMOPUEYUNFMV,581376340620,88865,1,Credit Card,23-07-2022 20:51
FUJQZILZFZUI,667691371501,13863,0,Debit Card,25-11-2013 13:08
JADICSPNQEPT,975642574092,13847,0,Credit Card,12-10-2020 10:23
BFXHZOVPLLEO,374529630209,65039,0,UPI,16-12-2019 07:12
USWIAJCBMGQB,116184335654,14240,0,Credit Card,07-04-2020 11:43
BJCTTPCRRFFS,289928987298,62247,0,Debit Card,20-05-2016 10:42
YFPFRAPMEZJM,214616564134,34827,1,Credit Card,01-06-2013 21:23
OISJMNBFZUDA,802094165837,60397,0,Credit Card,17-12-2023 08:15
EWKIRWRUDQCW,526492240330,66344,1,UPI,17-10-2011 09:11
QZVBVIILENPB,488593765223,31548,0,Debit Card,05-02-2021 05:47
CILVEOWAANUW,278169524780,55130,1,UPI,09-08-2020 13:54
QELYHXYWVKWL,633867514231,29360,0,Debit Card,01-01-2018 15:25
NQNKQKQBXCRT,431860523537,48054,1,Credit Card,18-11-2012 03:26
HMJCMIZHFGBS,707885244840,19143,0,UPI,20-06-2013 18:50
RVDBWCWHVOPB,101956972550,98181,1,Debit Card,04-02-2014 11:17
LVKNIGZIDGCW,357389520415,20659,0,UPI,07-07-2016 15:23
EOWHCPMAMFTY,204971370435,36672,0,Credit Card,12-10-2012 07:07
JPJSPKQECXVS,589880115688,39210,1,UPI,10-08-2012 01:18
KSQNNYJTIGEE,186510925663,75331,1,UPI,07-10-2015 05:38
WHCWORFXFHZS,236456539984,88960,1,Debit Card,21-02-2014 23:56
QBOLLRMVVCTG,487341751406,78734,1,Debit Card,10-05-2018 01:49
HYBLETNHTLLM,638917712457,34310,0,Debit Card,24-06-2023 00:07
TSMWBLKOSHUZ,585602344022,26173,1,Credit Card,03-11-2015 05:38
YJGFWEDEFYCG,523145331977,57006,1,Debit Card,07-10-2010 18:53
NWTXPYZBKKBE,572683184545,41943,0,Credit Card,03-12-2024 01:04
YPWOGDTYNYMW,195195688633,17137,0,UPI,10-03-2011 17:46
SKNMVFONMVZZ,454777436753,13522,0,Credit Card,16-05-2020 04:50
BVFKLOXMVUYZ,388688754480,51386,1,Debit Card,28-01-2023 22:15
QXIDDTTWFZKP,249991275199,12130,0,Credit Card,14-10-2014 09:12
SKCEOZCUTAMB,238382087443,11306,0,UPI,26-11-2017 16:20
QRQQQBQLHCFM,210451532524,62454,1,Debit Card,12-03-2017 13:21
SYZNCMNKEFAL,764605241756,31369,0,UPI,08-03-2015 17:07
ODWFCJEWIJLA,535440447652,82523,1,Credit Card,06-04-2021 19:23
BQEXZULCCTQS,640587768006,66893,0,Credit Card,04-05-2024 16:46
OWGSEBYVWHOB,304506816214,33221,0,UPI,23-04-2016 15:54
WTVEMDCTYXWZ,793033324581,62071,0,Credit Card,09-03-2022 01:29
UVUMLLMKJVJE,562883258647,43633,1,Credit Card,24-08-2021 06:40
XCBWWWNVTODD,825015774504,25166,1,Debit Card,01-09-2016 10:31
TLGNGHYGJPJV,783626975431,45351,1,UPI,09-11-2020 03:18
FWIKSRKWHYIT,887643622149,43256,1,Credit Card,09-03-2012 10:12
KVDKTLHZPAHR,424081967028,66825,0,UPI,16-11-2016 05:36
CVXNGHOQGOQB,407040602171,80910,0,UPI,18-03-2016 06:27
PTOYCVXZNCIX,377839241971,85318,1,Debit Card,21-07-2021 13:17
MACFJETHAREM,362481246342,25167,0,UPI,26-05-2023 08:24
GYURDTONYEMO,846265293587,88053,1,Debit Card,02-02-2012 10:04
DUZESTHHIHDZ,690097182087,53031,0,Debit Card,28-06-2018 23:45
VCQNDKECINPM,719248537969,84419,1,Debit Card,15-04-2014 22:22
ONBZCLALHOZA,513833863136,54448,1,UPI,15-09-2015 00:47
NFINXFYOOLEN,400067121892,80952,1,Debit Card,10-05-2010 18:20
UAAXUKALIBJK,979419522773,33730,0,Debit Card,06-02-2011 19:56
JDBEDUTDAEOS,749798443282,36377,1,Credit Card,14-11-2018 23:12
MIFXTPIMRIMI,650016310394,29927,1,Debit Card,11-11-2024 09:03
FQYPATAPLOET,525302083243,45752,0,Credit Card,15-08-2014 08:50
JQVQSJMZMJLE,537639537953,33225,1,Debit Card,23-11-2017 18:22
VCYWHJVAYKHT,779492396732,66597,0,Credit Card,14-03-2016 14:48
NNXFCJGZWJDT,134920640373,95641,0,Credit Card,16-10-2013 14:23
AKFEWKMPLVRB,773472399081,98265,0,UPI,28-02-2015 00:25
JVZMWXEXFWYE,330896878165,34586,0,Credit Card,26-11-2018 03:14
AIYHJULCWOQW,308324936276,21848,0,Debit Card,23-12-2021 05:41
QWCGZPWBLEJY,867017400962,84956,1,UPI,20-07-2019 04:45
ZQVTTOIYWPSA,485453824737,84724,0,Debit Card,27-06-2015 10:58
CWQTUNGJBGKJ,694643614825,99040,1,UPI,19-06-2013 17:29
QZDVANKCIPPC,248381876564,40080,1,UPI,13-02-2018 01:56
AYAXVELRDWGF,236489259321,50467,0,UPI,18-10-2020 13:05
JSBUQVVKCCYS,497261137781,37426,1,Debit Card,17-03-2017 06:03
MLGKDLCSYMAF,860706359884,59701,1,Credit Card,01-11-2016 22:05
BBWUJSWBJBGI,363612096991,17557,1,Debit Card,22-10-2016 10:25
RKGUZOXRVXNB,116712317293,69715,1,Debit Card,22-09-2019 22:10
AXIQIACETZVD,493912905721,23533,0,Credit Card,13-01-2020 20:21
TKELSCLLOEQC,803691325311,22434,1,Debit Card,17-01-2013 06:32
XUGILQGVCGIQ,497406684185,10798,0,Debit Card,28-04-2012 07:06
ZOYDVGEBYIWE,717933988350,37651,1,Credit Card,08-11-2011 15:52
TBXGCVLNMPUX,572604444497,30591,0,UPI,23-05-2024 16:23
QJXUMSIVYGJT,787419008749,14552,1,Debit Card,13-06-2024 01:09
TSVMUBARYUIA,127220367489,49023,0,Credit Card,04-10-2019 16:35
PQIFYXTGYSPC,439476593092,21931,1,Credit Card,24-10-2021 22:52
AKSRFMTXQBXX,656759408269,17293,1,Credit Card,25-04-2016 05:30
TNIZOCVMTSWF,750262691288,77798,0,Debit Card,08-12-2019 07:51
SVZJCPYCNOCY,202234173305,36949,0,Debit Card,11-05-2013 00:35
IOZMNOXDTYUN,804331756984,36358,0,Credit Card,18-09-2013 18:48
LMSQIBSZAHGA,320560077965,25813,0,UPI,28-10-2013 14:26
CAZLTGGSRVOF,594677673724,57333,0,Credit Card,24-07-2020 18:59
CJCDKQFCLCSZ,832268557802,13347,0,Debit Card,04-10-2012 04:21
MWMEWZMLVISI,942165103798,12980,1,UPI,01-06-2020 00:49
XBXBPQRIJPPS,940776953514,90948,0,UPI,26-10-2019 02:29
EETICZSPNKEH,437056670885,47759,1,Debit Card,08-08-2022 01:50
FCFTDKHTOFUB,943529879105,51756,0,Credit Card,08-03-2013 08:53
RFEUXGBLUVQD,785350312341,51433,0,UPI,10-07-2011 06:21
RSZPTOPZYZID,135099027348,41629,1,Debit Card,07-10-2015 09:34
KHRKTPGHVXQS,972103985991,28272,0,Credit Card,20-06-2011 06:00
TAWMQNPRUUIR,465388613980,22914,0,Credit Card,24-11-2020 20:12
KPNWMMXUUCPV,483844301103,26610,1,UPI,25-06-2019 08:18
LYSUNCLKPEFK,871644185570,15064,1,Credit Card,16-03-2010 13:23
NYMHMEUFRZBR,826700843307,13555,1,Debit Card,10-08-2024 18:41
TFRJWNZECZYG,836995346887,27238,0,UPI,11-01-2017 09:32
WWSTODOWKSCF,696801983837,31385,1,Credit Card,28-12-2019 02:13
JUCGOOOIMWUD,272198874505,14822,0,UPI,16-01-2016 02:51
JSWWTQCTYRAW,856335470666,16756,0,UPI,09-07-2022 17:13
TPOIEXKWVIQG,297603824681,38172,1,UPI,14-12-2010 16:08
DHLJKOZRQBNP,216739567877,94233,0,Debit Card,17-11-2023 04:50
EOJVHAIWIVHI,962240953515,33659,1,Debit Card,10-09-2022 18:59
IRLKWMXTBATP,627152322217,80605,1,Debit Card,17-08-2010 09:54
NYMNKRNUYCMT,167964042372,26724,1,Credit Card,07-03-2018 11:14
XQHUHOAUXMRK,565775393339,62882,1,UPI,07-03-2020 19:47
XFUSKCAKTTQJ,296132063332,24419,0,Credit Card,07-12-2019 16:26
QAJZYOMNLTTI,212738377153,22304,1,Credit Card,06-05-2012 22:59
COCQNARJWWMB,264677461619,75456,1,Debit Card,10-12-2016 11:14
IUPTOJJJDHOD,322696523061,22613,0,UPI,10-07-2022 18:39
CPYDKHTGXFWG,550462086126,57992,1,UPI,07-05-2015 00:23
QSNLQMKYXGIL,329122049686,87677,1,UPI,11-01-2010 11:34
ZDJBGTSBJROR,818195497038,87626,0,UPI,08-12-2017 19:11
DKCGGNNAAMEF,102893440722,63314,1,Debit Card,22-08-2024 00:11
MRTNZQNAEAGZ,465928023121,26308,0,Debit Card,16-05-2011 22:07
MRGYMECTYHOZ,460228557682,35253,0,Credit Card,03-05-2024 04:17
KURNWAFNUVRA,745922416213,33949,0,Credit Card,05-04-2015 04:58
EXGNCZMOWBEK,992374220004,21160,0,Debit Card,04-09-2010 15:43
BSQWJTYUZQLC,573542687431,18387,1,Debit Card,14-07-2017 20:11
FGXGCXBSSEVR,880843350998,18623,0,UPI,20-05-2021 14:41
KTGFXWHTSTKY,800628617765,20249,0,Debit Card,11-03-2014 12:47
YPSSBJUDDLBX,994575405943,91483,1,UPI,10-07-2020 10:10
OHXJNDAHOXUE,507217819682,21943,1,Credit Card,01-01-2010 20:34
JXFHNOKNWETA,280543406452,80455,0,Debit Card,01-07-2020 00:21
QDJIDJXCRGOQ,990673189499,57628,1,Credit Card,14-11-2023 20:54
FCBTERSFMNTH,215606189778,20305,0,Credit Card,05-02-2021 13:42
NRCZFZHFIVGZ,830108124755,43119,0,UPI,27-10-2019 17:41
GNBEHWHVDIAJ,691287812207,11614,0,Credit Card,27-08-2017 08:42
QSKZAJBUEZGV,770200430741,11594,0,Credit Card,20-04-2021 01:13
PWIZYFMZTZTS,101077569284,23004,1,UPI,03-07-2014 02:42
ILPGKJIRZFHE,153066929139,40220,0,UPI,02-02-2021 01:23
LRBXXDMCBYPW,814929853051,86780,1,Credit Card,15-11-2015 08:35
IOWVMEFNZMBZ,899815739684,50335,0,Debit Card,20-05-2017 06:19
NNHTFXTODEXG,867005730661,27844,0,Debit Card,14-02-2015 04:07
TUQHGBXHCJKL,913043452813,65640,0,UPI,06-07-2014 01:02
HTBKHOSGDAGL,927198575784,91021,1,Credit Card,14-04-2011 15:20
TTZQDKQDTHJV,988625025367,51427,0,Debit Card,14-07-2021 21:08
RCOWRFOCSEXY,482559173953,32368,1,UPI,23-12-2019 10:24
YSVQDNKJPROI,826178811300,66628,1,Credit Card,07-08-2011 09:21
PLUJDZUSKPNU,570810972728,91187,1,Debit Card,18-11-2017 03:13
JDLQKZOBBPFS,844030318758,59490,1,Debit Card,08-05-2018 07:31
VUFOAWJUDUQK,551254782262,17096,0,Debit Card,27-07-2017 08:07
PMAJKVDXPFPC,760960051664,18805,0,UPI,04-06-2014 19:36
AWYCOJWHYUVD,106179551853,62584,1,Debit Card,28-11-2023 22:53
ZFOWWZZOGHHP,238766479697,90680,1,Credit Card,13-07-2014 09:59
QLTHAPLQZWMO,198432126028,70297,1,Credit Card,13-06-2019 07:50
KDKIKHAQVEMH,412423946435,66276,0,Debit Card,28-12-2010 06:08
NOENVCEAXPHQ,305407521284,15553,0,UPI,22-01-2019 02:22
WGKFNJUWTQMX,597975316335,36589,0,Debit Card,16-03-2011 08:58
FKJWSHHJOLXH,141296216263,80530,1,UPI,21-10-2015 21:26
JXCPFNBRHYLW,338900324406,93274,0,UPI,18-10-2020 19:26
UTHLXDXNIFIL,198628586600,81692,0,Credit Card,24-09-2023 09:24
OUBRAGSIVTTN,237698605504,40404,1,Debit Card,04-08-2013 01:31
LMPGAYOJEOEX,603627478240,88774,0,UPI,15-07-2016 07:20
MUFFPHYYCXVX,441238903401,63207,0,Credit Card,05-08-2023 14:11
VZGUZAXDXRQJ,839134067947,31080,1,Debit Card,03-07-2011 08:39
NAJYBMASWWCG,818632517967,72533,1,Debit Card,04-06-2021 19:55
QMPOAEEDRWKW,384238599405,99005,1,Debit Card,21-03-2018 12:22
TURRFHEZCKBE,941881809920,29949,0,Credit Card,02-11-2012 19:28
LWALIFWQTQQX,602708829672,69375,1,UPI,12-09-2023 19:46
INEVCNVXILWR,244702195048,19888,0,Debit Card,22-12-2014 12:08
WZBWJHUTJNBP,801929937822,40100,1,Debit Card,16-07-2016 07:10
QFMDLSTBCIEF,462369250519,31744,0,Debit Card,14-06-2023 05:13
MXJAVRDPJWZP,735635946681,76521,1,Credit Card,21-03-2011 01:19
HKGXMRVQMUMB,599334134147,73061,0,Credit Card,20-05-2010 21:38
YSPNKYFMHZRJ,601891930603,60106,0,Debit Card,28-08-2024 10:24
YLRXHOUROLYC,608129684074,21557,0,Debit Card,19-11-2021 20:27
MCITSRQDXUZB,943913622703,34365,0,UPI,07-05-2022 00:49
VFXYTKBVGCZW,225643198241,46540,1,Credit Card,04-04-2020 19:48
DRAJWOFJWBWU,796542617170,44435,0,Debit Card,07-08-2022 01:15
IBXLWKHHDMMA,390872534734,76850,0,Credit Card,16-09-2011 15:29
HZNJZOUJMTLG,878751743453,10360,1,UPI,26-03-2019 02:18
LFZQPIEMFHNM,770933160111,83317,1,Credit Card,14-04-2017 17:28
WZVLRSTMBLYE,293880301568,90296,1,Credit Card,23-08-2019 17:46
CIBFOLWWGPYB,771615604206,63437,0,Debit Card,15-03-2020 08:27
KHRSGQDVKEAV,627352503154,53355,0,Debit Card,12-11-2019 21:03
OKQYGQUVETPX,688100693900,41442,1,Credit Card,11-10-2022 21:22
AKQMBUEBZWYZ,655610885159,14152,0,Debit Card,27-04-2015 20:16
NHGPWSIYJYON,527758737029,51535,0,UPI,26-06-2017 13:32
BRVHXPFLWHVM,156307235804,44040,0,UPI,16-03-2020 01:38
JPIYTVGQJKPY,515585120552,39903,0,Credit Card,07-06-2014 09:12
TAQHNEJXRVMT,228296386398,30654,0,Debit Card,06-12-2024 22:34
TFDMPEFWGDQY,380016510250,17635,1,Credit Card,06-06-2015 03:44
CLBRNWHDOKDC,417979505547,79997,0,Debit Card,08-01-2013 01:49
PTFYKHNNFGSH,695553519155,19010,1,Debit Card,06-04-2022 06:10
BIAVRDICEBQM,985791964245,76217,0,Debit Card,03-12-2019 17:45
GUDYLCMKCSJT,644634451228,32582,1,Debit Card,09-09-2011 09:24
HADQFLCNQECC,916619500433,93673,1,Debit Card,23-09-2015 11:27
LMBJJUOYTHID,794433568778,75504,1,Credit Card,18-04-2017 16:11
RZURZKCTIULE,800036228556,93845,1,Credit Card,11-08-2018 15:48
IORMEKILLUHT,870706676409,67211,1,UPI,23-02-2022 03:20
XWPPWHUSPBFY,679212255066,76961,1,Credit Card,09-04-2021 06:14
TIENWCINBKEQ,187037528865,59145,1,Debit Card,26-03-2022 16:34
RUYCXATLVPTA,266119890579,76779,1,Credit Card,18-04-2022 11:36
XOBMHUZTLTPK,381713586127,21390,1,UPI,19-05-2020 07:07
XPKIMOXOYYWA,353038245044,93821,1,UPI,24-02-2011 17:47
CUSIAIOWBEXB,491100250215,46355,0,Debit Card,12-10-2013 06:40
LDPXDOCQETYN,299230135598,86470,1,UPI,26-07-2021 17:46
ZZSLZQLGKOUW,849445692634,55775,1,Debit Card,10-02-2016 00:45
IWISOPUGEZKZ,419043968378,19795,1,Credit Card,21-01-2022 00:07
TXBIFYCKJORA,160605505488,71076,0,Debit Card,16-03-2014 16:16
OCKFPZHUHMRI,843389911348,60043,0,Credit Card,08-02-2020 14:41
CGGTXKIUJVDX,144594929652,39271,1,UPI,08-09-2019 23:00
DMXYGJJYFVCE,930907661835,32744,0,Debit Card,21-08-2017 17:04
KLVIJMKWRUCP,920363896749,19342,0,Credit Card,06-12-2023 21:10
DDYQEZWPVBAY,656871632507,53140,1,Credit Card,11-09-2012 12:56
VDHEOEDCUBFU,891074277882,27290,0,Debit Card,05-04-2024 20:18
FQAHVRXNCFZC,678815229019,59168,0,Debit Card,26-05-2013 18:16
ZBFNMZMPUUBR,681371532664,45476,0,Credit Card,10-01-2022 05:27
WGXCNKGYIBQR,517266580042,10341,1,Debit Card,18-08-2023 08:14
QSRGHYSMSHAE,840834483202,58097,0,Credit Card,16-05-2012 16:13
HDKCJHGYOEFG,648523375923,76271,0,Credit Card,17-01-2019 17:58
VQNSGJVHQJEI,457480956717,32483,1,Debit Card,24-11-2010 09:01
VJDGEVOCRVYL,900867166716,56698,1,UPI,13-12-2011 14:11
OJWYKZKKBDUB,160455637091,32198,1,Credit Card,03-01-2017 07:50
USJJSZLUFCUG,689264796116,89127,0,Credit Card,04-09-2022 06:02
OUXBLMZGTKSI,475814826321,88662,1,Debit Card,17-08-2023 16:11
GDHCNHLPAFKX,947901721374,28381,0,UPI,22-12-2016 15:49
PCVAGTVEOAAR,140942287377,82287,0,Debit Card,01-12-2018 08:38
MOXJLNAJYGDE,354559752685,18621,0,Credit Card,24-11-2011 04:43
TGWQEQFCKUJY,274975287617,14051,1,Credit Card,22-06-2019 04:56
RJZKNSOTOELH,861976164186,20246,0,Credit Card,15-07-2016 01:11
HDBBDPAOYQPP,420122341946,24853,0,UPI,17-07-2013 18:17
PQMPJAXZNEFP,224747143639,27014,0,Debit Card,01-08-2019 12:00
ZZJDVKZDIDGH,882918269794,64242,0,UPI,24-05-2012 00:22
KSEOHIPHNCJX,811140580571,70857,1,Debit Card,01-11-2016 20:20
HCIVMNDLJTCP,117770835882,61667,1,UPI,11-02-2013 08:00
LVWMFIJHJOGH,524954059010,43247,1,Debit Card,06-01-2010 06:38
KYYKWCBYXLZF,962617080549,25595,0,UPI,15-02-2015 12:21
LRDZNATGCHAW,936860410109,32060,1,Debit Card,25-03-2015 22:45
YTQUUXWQUEGH,611289059738,19985,0,Credit Card,19-05-2022 17:14
APFFISSQIKWR,987779377194,58544,1,Debit Card,09-09-2019 09:05
FMXUPFVSFOKX,151288579319,29995,1,Debit Card,14-06-2012 18:38
NNGJULGLYAPH,494679933865,42516,1,UPI,02-10-2023 02:26
DXDEGVWZAOSO,293989261737,85787,0,UPI,01-02-2022 05:54
JLCIJLXYBAUZ,360350873902,38032,1,Debit Card,21-10-2013 00:38
PBMEFSFURKJY,799286631515,58338,1,Credit Card,08-03-2012 17:28
TALCVAAGDAYL,498442338850,26235,1,Credit Card,06-10-2019 06:42
CNXLMZCSJYJO,247659213399,94587,1,Credit Card,05-05-2010 15:42
VLDRAZAEFJQP,486113611777,78492,0,Credit Card,01-03-2020 01:12
WZARTNCLHODZ,786143229746,94111,0,Debit Card,26-03-2011 08:43
NJZYJJTOTEOU,760912983490,95266,1,Debit Card,17-08-2014 08:14
TIRFQWADXVPB,211414866576,48876,0,Credit Card,20-03-2010 08:46
RPIOPJWIJSCI,778183451601,14624,1,Debit Card,14-03-2012 03:46
OGIXCZJAPQAM,861102936133,65629,1,Debit Card,06-01-2010 19:01
UVYQFWFIYBJF,689697060269,17062,0,UPI,05-09-2021 02:43
PHWWQFSFNWIX,457375788356,16378,0,Credit Card,05-07-2018 11:49
PDBLAVMHAXMR,170797204704,41320,1,UPI,16-12-2015 19:12
KMSQOFILVKYX,408300463062,80000,0,Credit Card,05-07-2021 10:44
ODWNYNOBDTSG,697519987203,18528,1,Credit Card,16-02-2019 11:53
KJLEIOHVKETV,183412648527,52627,0,UPI,26-05-2018 06:38
FTSJNRHTWHFE,851816368656,63638,0,Credit Card,07-02-2012 00:54
XMZHRIKPEHZC,477418720278,39164,1,Debit Card,17-01-2011 22:35
RGBXKVLVHMRT,435641963679,23300,1,Debit Card,18-11-2018 00:47
IYMRDROECKLU,512507629294,60785,1,Credit Card,12-08-2017 05:33
AEOQCUVEFUCK,803433251338,44724,1,Credit Card,26-04-2013 09:27
CUXDXLDZOBIN,172680857179,39002,1,UPI,08-04-2021 18:15
KBLCYEOJENWQ,203532481235,44667,0,UPI,26-01-2021 02:16
NIEOOBVGVIZX,431342873150,96642,0,Debit Card,11-06-2016 18:59
DNHOATMHQKZI,314507490187,27426,0,Debit Card,10-08-2016 17:14
GXDKRHRINHOO,493830677918,36772,0,UPI,02-02-2024 05:42
CRMVWWNKEWIO,110989901106,17654,0,Debit Card,02-03-2024 18:41
LTISLNYZQJUA,557101272509,93157,1,Credit Card,01-07-2023 09:55
MBAXRMZTKMCX,582969388660,30965,1,Debit Card,03-05-2012 10:15
MNEXUKXAWQKW,839687851848,91423,1,UPI,17-09-2024 10:26
XYNHLGNTOAYY,570056506274,28745,0,Credit Card,14-09-2012 22:46
DOTEQVVYKNRD,735566627968,10832,1,UPI,17-03-2023 22:41
NFGQTUZLJDCG,636569879942,22992,1,UPI,05-01-2019 12:07
CFRDWHDNWEWH,504644955516,71392,1,Debit Card,15-10-2018 20:41
VWSOLIKDRMPU,946987402197,43185,0,Debit Card,09-08-2023 02:23
KORERSAUZKGS,716717905973,98980,0,Credit Card,28-11-2019 01:06
PPVOYSTTAHTR,935289688176,15245,1,Debit Card,02-07-2020 17:33
RQWBWBHCXWVM,911202040213,31188,1,UPI,10-08-2012 15:05
TWUNPRDNZHJK,555742648557,96830,1,Debit Card,08-03-2010 07:39
JEBOCYHJLZKB,945241518522,15724,0,UPI,13-12-2015 05:39
UXRSHVZCTWAA,664093210083,22086,1,UPI,24-05-2024 00:04
NZUIXDIQCTIT,443203145835,15468,1,UPI,14-09-2011 01:14
BKINKPQERIED,567270424644,56306,0,Debit Card,01-04-2016 13:45
ILKYAQBZYSZX,456044197202,19023,0,UPI,18-03-2021 13:17
VLBMZISDTHZE,667476964836,65548,0,Debit Card,10-10-2014 08:32
RCOUESVCNVNV,158732987201,20472,1,Credit Card,23-01-2019 13:47
IRVIBNDPCILP,376693335563,87614,1,Debit Card,26-07-2010 20:34
MNVSUNKZTDTG,115353823562,91502,0,Debit Card,17-03-2014 22:46
CAYQPMLQVYPA,324226646850,54908,1,Credit Card,06-05-2010 00:58
LIZKSWSSYGRC,444446509880,78729,1,Debit Card,12-11-2017 04:58
TRCWPAGVZTYM,558291103286,30204,0,Debit Card,01-10-2020 07:32
KCKDSEVIVXRU,628012984371,96082,0,Debit Card,26-12-2010 00:25
GAYGBNFBIGPU,600007244755,36016,1,UPI,28-12-2010 02:42
GAHEMOTMXFJN,189851876591,13382,0,UPI,15-02-2018 22:02
KPOCVDPDLQPK,684675298387,16471,1,Credit Card,17-06-2016 14:37
LZKJUVAZGIDB,664216593520,52551,0,UPI,18-01-2015 10:06
NMIBBTSQQEAG,118245234159,67514,1,UPI,28-04-2023 12:23
YHVSYMEVQDDP,944381316073,98925,0,Debit Card,01-03-2021 19:00
TWQWUHIZUHXP,527000145095,69254,0,UPI,06-10-2024 12:55
OIISPUMYNZRF,579751525620,20986,0,UPI,18-12-2013 11:13
XZQLULBQTNDV,984762775667,72973,1,Credit Card,11-12-2012 02:35
ZUWMYILVXHNU,163008992624,36861,1,UPI,27-11-2019 12:07
KCCABXUIENDU,799719622793,64446,1,Credit Card,24-12-2020 11:08
ELCWEPDMJMAW,938104554789,31538,1,Debit Card,05-03-2010 13:33
OEVGWAAPKJBK,129309324796,66143,1,Credit Card,23-06-2015 04:35
VRZTPNMPZHMX,547149573019,57345,1,Debit Card,14-04-2013 11:38
HRTSUXQKDKHF,932423994057,16087,1,Credit Card,01-02-2012 20:38
BZWBMGJEAFAA,858955966499,36915,1,UPI,07-03-2023 20:44
BGBKEMAEXPVT,856568070496,73785,0,Debit Card,06-07-2010 17:20
THLKFHUXQTGS,674074062362,76068,0,Debit Card,09-01-2012 17:53
LZVJJBQBORFN,445323747973,95747,0,Debit Card,25-10-2013 22:26
HSBOQYKJYJKH,800411981843,74055,1,Debit Card,20-04-2016 22:00
QZMSQAGKCAPS,842113899786,93980,0,Credit Card,05-12-2023 07:30
NONXUKFJDIDW,916965601752,71698,0,Credit Card,14-11-2019 04:45
JORRHMAXRWCP,233543558716,40393,0,Credit Card,03-05-2024 22:59
WEOYMRECGZPW,674285383442,90800,0,Credit Card,19-09-2010 10:39
GYKLJKVXXHRU,344211591654,71147,1,Credit Card,16-01-2015 09:34
NGZXQRZNZDUL,272851423302,78523,1,Debit Card,23-05-2011 20:44
WKATYTBEGJRO,564513163047,93309,0,UPI,08-07-2016 22:24
ZYRMALBBIPVC,707118866892,97884,1,Debit Card,09-11-2019 07:10
GVODFKXTZPZA,318735351769,12796,0,Debit Card,03-09-2020 05:36
ISISFOIFXYEG,447212340394,47574,0,Credit Card,23-02-2021 13:31
IXMIQSDEVCWK,112399659546,93841,0,UPI,10-07-2010 20:57
ITQBBRLMWONZ,896312689522,44578,1,Debit Card,22-07-2017 00:04
LSEWIYOOFQUZ,685321600224,99715,1,UPI,21-03-2021 15:14
GWNPCWRDGZFG,239464241347,21843,1,Debit Card,14-04-2016 13:57
HFAJFLLCOICU,764247095805,23582,1,UPI,15-03-2010 00:20
VBXFPGIOPFNG,933372970300,35293,1,Debit Card,01-08-2013 08:33
LRGSHUNKLHBO,634416417681,39155,1,Credit Card,23-08-2022 12:43
DIKABMGCJHAL,439749834283,39138,0,Credit Card,05-10-2022 12:55
IJKDDLGEOTJF,115316595862,43202,0,Credit Card,24-05-2022 09:38
YHYYHXUWSRSH,917246397559,78501,0,Credit Card,09-06-2012 00:31
WYBIPZBIGTSK,906382250167,21553,1,Credit Card,10-01-2023 23:19
CKSLMHFKYQRP,603417421809,73146,1,Debit Card,24-06-2010 15:19
KCTEDKZYZRDH,143141846211,42784,1,Credit Card,12-03-2023 17:13
DVUCWQDNXOPY,148437666871,98215,0,Debit Card,08-03-2020 11:09
CPKTBSJPBWWY,800364031807,45505,0,Credit Card,24-02-2020 14:51
TYYNEVRNFLGX,277931662312,43283,0,UPI,12-09-2012 19:07
WOKVTDXVEOXD,714257480754,19323,1,Credit Card,02-01-2017 11:07
PGCGGNEOUAZS,994358073212,26921,1,UPI,16-03-2018 01:16
TJDSHVPGACTO,238812282697,16657,1,Credit Card,15-01-2013 00:14
TGAROERDUJML,627664503771,35897,0,UPI,24-06-2017 17:41
XLGZKVENGBRE,652989181848,11234,1,Debit Card,26-05-2016 13:25
YANVPFSAFPDE,606967379596,84272,1,UPI,28-06-2013 15:27
TXSRWWALMYSP,210572854443,98176,0,Debit Card,19-10-2014 23:14
VJODEUWKYRRN,137430859708,91326,0,Credit Card,15-05-2010 08:47
OHABOVKQSMGN,429655430306,85837,1,UPI,03-05-2022 00:28
HNDRALLWCEXH,912354981014,54663,0,UPI,01-09-2010 00:20
JCRMDUHOVFCN,925826580777,39475,0,Credit Card,11-05-2023 15:08
POCCJKLMDRMG,852619171680,38256,0,Debit Card,23-05-2013 09:08
LQOLICRPMZUR,851804360744,57143,0,Debit Card,05-09-2016 22:13
LRPQQPUQMJHN,184342626891,52429,0,UPI,15-12-2018 20:51
ZBMXAFUSWNDA,751956487845,78248,1,Credit Card,20-01-2021 21:16
PNTZNRIUJCIJ,492656838270,55493,1,UPI,13-12-2022 12:27
EHMCEKQNQVOZ,382577445944,73868,1,Credit Card,03-03-2016 06:15
PUNSTUGQLSDT,566258391020,66414,0,UPI,07-10-2019 08:57
QQHUZEBQSQNX,265303107597,97548,1,Debit Card,23-03-2011 00:43
PIPNKAYNKTNK,397083466367,53560,1,UPI,09-07-2022 06:01
JBWHCTVBHBRB,580155893417,90307,1,UPI,07-09-2022 12:03
HPLUUQVOUPPX,171470893937,26066,0,Debit Card,01-04-2013 20:36
CXSTPJZBVJGD,864590993600,70460,1,UPI,07-09-2018 16:30
JUDJZEWJWPHU,647719747042,42150,1,Credit Card,10-05-2013 08:15
BAVEYEYXIQRZ,904637301570,15243,1,Credit Card,18-10-2014 09:42
DSPWQXWTHKOL,915042464812,31098,0,UPI,08-02-2024 15:43
GEXWIOZGLGWM,983477009718,65940,1,Credit Card,05-02-2011 05:26
AUBJLOMLOVJH,129692690540,94979,0,UPI,10-04-2011 00:31
SYZKMNHCLRZO,733121910367,30386,0,UPI,10-03-2012 05:46
SASPYXNMDCAF,912709409412,36088,1,UPI,22-12-2012 04:41
GCZDCIMWPXCT,880109313460,81337,0,UPI,11-07-2024 04:57
WNHOFMTVVLLV,581374620145,30026,0,Debit Card,09-02-2016 16:33
DYSNTKBEAHLU,706145445393,82511,0,UPI,24-03-2016 11:13
YVOKIFXIGINF,333821521947,35974,1,Debit Card,19-09-2010 20:45
UVIJWKBLJPAG,145094719354,39719,0,UPI,11-11-2012 11:17
NQSXOLHWRXGT,918204483092,67312,1,UPI,12-01-2022 19:50
BHPKUFDFRQVR,919109753910,71406,0,Credit Card,05-10-2013 13:08
LIOXKHLQYVLF,771545916496,16106,1,Credit Card,22-10-2015 20:24
EKFMYQSKNJAN,837904504689,11739,0,UPI,02-07-2016 06:54
WYZTJDGDXNAZ,795540034412,75590,0,Debit Card,05-10-2021 16:57
CEZZUOOVDPGJ,893363716680,18392,0,Debit Card,04-09-2016 10:43
LURQSYXPJGBY,276461421094,24387,1,Credit Card,17-10-2023 11:07
YWBIIIJVNZNI,285095964171,13687,0,Credit Card,11-05-2013 16:35
DRDPWUGUJDZI,440713333563,33098,0,UPI,08-03-2019 05:11
MQUPGLYJXVJY,915003540892,68669,1,UPI,09-08-2013 07:19
AMGLPMTNMMWL,647950298057,82632,0,UPI,21-02-2021 20:25
TTBVXOPHLPBX,924991703027,65646,0,UPI,21-01-2014 03:06
AAYUSUGCAZJV,596440801378,97543,1,Debit Card,19-10-2013 17:26
TJYKKAAAWSTI,615195197937,10748,0,UPI,22-08-2010 20:49
IKSOPCOXNBPL,678699548997,20558,0,Credit Card,21-03-2010 14:26
XNPNLMRPXFAY,844731658175,17469,0,Credit Card,15-11-2010 14:08
YUPNAQJPNXLN,171814334858,50917,1,Debit Card,15-07-2011 01:18
KAUKDLWXGTON,678345769635,52393,1,UPI,23-03-2010 08:44
YUZEGAEBYVXN,890506270805,21924,0,UPI,20-08-2022 20:36
LQLCRHYXBSQF,777084898312,62946,1,Debit Card,01-07-2020 01:43
ZCNTVHCHAVMT,968642355234,53339,1,Credit Card,07-10-2010 07:40
GGHSMOFWFQJI,718872418473,31082,0,UPI,07-01-2022 04:47
RYNWRKXKRGYJ,220485417651,22926,0,Credit Card,02-07-2021 10:31
WBMTAHMZJOOQ,577774505213,74061,1,Credit Card,25-11-2023 13:26
BEGSVDBVTJZO,172134510025,74727,0,UPI,01-01-2021 18:36
OZCZFOFBKDOT,396353293812,93261,0,Credit Card,23-04-2018 07:32
KFLMEGKJXCUY,633658681945,47107,0,UPI,02-08-2015 03:50
TFKCJSQLGGOC,960540677707,14113,0,Credit Card,16-09-2021 02:17
FNYWINFQATLE,969833154128,32308,1,Credit Card,27-11-2013 14:34
KOEFNQYZHIIU,847656117349,38191,1,Debit Card,09-05-2010 22:51
QBEKSFKSSHBW,810401171432,55927,1,Credit Card,01-09-2017 02:11
EOSYVRGSSVFG,495945191878,78001,1,UPI,12-11-2019 14:09
VNIDAMTNSQEZ,135800411478,17314,0,UPI,23-08-2019 14:16
ZGMXCEBROBKW,521036338504,38770,1,Debit Card,16-12-2010 12:25
PALWFNRCIPOJ,518286403104,47081,0,Debit Card,06-02-2017 09:26
MKIMKIJBWAIY,164723830052,34379,0,UPI,27-04-2014 06:38
RIKQGVNAMOQD,963143717587,45690,1,Debit Card,14-11-2010 13:08
IYSXOZBQSSCK,606734720666,95080,1,Credit Card,21-01-2012 02:56
NKZXALJCKAFC,362906387988,42919,1,Credit Card,02-10-2011 14:58
LKGOOJURVWEK,818481286595,80483,0,UPI,14-02-2015 02:11
BHDVANJXHYKC,388721907889,40096,1,Credit Card,14-07-2015 17:03
MYVPJQYGTQNP,902909554482,47702,1,UPI,11-12-2013 23:33
EAFFZFDMOLXR,914957728697,75659,1,Credit Card,18-02-2013 22:10
HUGBDEXDSAQW,985751568105,51124,0,Credit Card,02-12-2021 21:51
UQEVIJHZVLQD,577727585787,62798,0,Credit Card,08-12-2014 04:06
VGOKLNXAMHGI,259958161636,43870,0,Credit Card,07-08-2014 14:43
RILLHJWBORZL,934614771895,21634,0,Credit Card,10-08-2024 14:30
UGHABMDKPBZL,283744882526,47473,1,Credit Card,03-02-2024 12:41
GZBVNYTVCPMT,778762267787,45973,0,UPI,22-09-2022 18:32
YBIEBTETPQVP,681755230557,94281,1,Credit Card,14-10-2011 18:40
KHTAQUKKOAFU,702963478550,33664,0,Credit Card,15-03-2020 04:15
MBRCHTLDHUBY,340650031099,16220,0,UPI,06-11-2023 11:44
NAIYYLEMTPET,839208943887,27891,1,Debit Card,24-12-2019 12:00
PSECROZXCHGJ,385593238469,12922,1,Credit Card,14-12-2020 02:12
ZDEZGKANEJOG,656718988669,21125,0,UPI,19-08-2020 16:21
LUNKBJWVLXOW,635995623413,80498,1,UPI,19-01-2015 16:47
PJAZEICEJHNB,941980514069,86834,1,Debit Card,05-12-2022 02:29
XUCOIRKQPSPR,652258549412,47489,1,UPI,27-01-2020 19:57
QDRBBYTAUAKT,253857583134,91203,0,Debit Card,01-11-2022 09:12
RTYEZVHFCLAY,261959201412,61400,1,Debit Card,26-12-2021 12:03
HEYQHWMGBQBY,678425861721,17283,0,UPI,08-09-2021 19:12
MVGAQLJCCOOY,316121220712,67722,1,UPI,25-05-2014 14:26
MBLZOYVYJAYC,663906206192,82777,1,UPI,10-07-2016 15:12
MKHPNTGPJOOX,895808887095,86935,1,UPI,21-07-2018 18:50
PKHMHSWETVRX,456982077992,51740,1,UPI,09-03-2015 09:37
NVSYBEAVMFJN,299687907127,79118,0,UPI,18-12-2016 12:02
HKIWNVSRTDHN,645707871140,17574,1,Debit Card,09-02-2015 14:36
BILISKFRKPYW,107553398418,32374,0,Debit Card,20-10-2013 11:50
BXDISBXBJJYD,376047283215,85985,1,Debit Card,15-04-2019 06:27
JBUQOUIMQFPI,260686431934,89621,0,Credit Card,09-03-2015 06:43
XMMWGURQHCRX,517850048190,40064,0,Credit Card,01-12-2015 15:05
ZENWEXKNNBEY,591621006930,59557,0,Credit Card,24-06-2024 12:52
ESBHNAUJADPS,260225699833,71812,1,Debit Card,04-08-2013 09:02
RIGKPUMNESKO,834920182379,98446,0,Credit Card,11-07-2020 20:57
AASFHNYVVIJP,855710120695,73936,1,Debit Card,15-08-2020 04:29
ZRQTZSMSEVCM,766507127576,75220,0,Credit Card,09-09-2012 18:09
YNJCPHXKBVLX,976193961974,93689,0,Debit Card,03-04-2013 20:26
KYJVCXOEQINU,655753509880,21710,1,UPI,12-10-2011 09:43
MSWAJGJJCJYB,869256377608,69757,0,Debit Card,17-10-2014 00:22
CYBTAMATKWFX,354462945064,49722,1,UPI,02-07-2023 05:00
GHKGJHVRPRFR,490497769705,92641,0,UPI,04-09-2024 07:23
BNZETINARNPC,152610011476,94943,0,Credit Card,09-11-2019 10:18
MSGTWJKJBVPO,323291267555,19913,0,Debit Card,28-04-2016 21:54
YPHECGYHUBPY,251193060370,44183,0,UPI,18-11-2022 01:32
FGOEYWZRSWFZ,254067484240,66077,1,UPI,27-05-2021 05:05
UWJOCHJFFKWJ,389191574753,99811,1,UPI,18-08-2011 11:47
MLWZVAZWJCAL,378412990162,71049,0,Credit Card,22-05-2019 00:28
BGONSPEBUPJX,755529718106,95996,0,UPI,28-08-2020 21:09
DPJIFWQAPDEF,172632888260,70986,0,Credit Card,21-05-2012 01:59
GZMBLHTMONPA,220320713677,66221,1,Credit Card,15-08-2021 03:22
NELCDBAQWMXK,285303402701,31166,1,UPI,19-06-2012 20:47
YULEELQGCPZQ,866911829217,61075,1,UPI,06-12-2011 00:08
LVKVXYQGQORC,958602909338,49791,0,UPI,17-06-2011 03:17
ONLOYLQMHPBZ,408182170307,65626,1,UPI,20-05-2024 07:52
FBUKZWJEKDYE,406577741371,84144,0,UPI,07-09-2016 10:06
FGTMPCGPJAKM,577952018500,61219,0,Debit Card,07-06-2024 13:11
PRWBYUIZZDMJ,460234650493,43412,0,UPI,19-04-2017 21:45
NLMIKWXLGEWI,523453520258,57000,1,Credit Card,05-10-2015 19:13
DHHBJLNTLGKP,568056828474,70537,1,Credit Card,07-04-2024 10:42
JDTMFGRPEYUI,103882351792,95271,0,UPI,12-06-2024 19:25
WENPEHEXRFBW,248523991010,39095,0,Debit Card,08-12-2011 08:30
PSVTNGZWXKAV,239769422536,88997,1,Debit Card,23-05-2013 11:54
BJBVYJQWZKCQ,305096478314,56932,1,Debit Card,17-10-2024 08:58
SXYGKBAMFUOX,431101026607,15209,0,Credit Card,06-01-2014 15:50
NNTEYCWOOMDT,414606550037,75042,1,UPI,18-11-2020 10:35
EYFLJMCGTMIK,236445659297,79025,0,UPI,07-12-2023 13:17
SSHWFOESLZFP,576761977164,28649,0,Debit Card,22-01-2020 13:35
GHKNPZWFCUBZ,189467679494,76318,1,Credit Card,09-10-2024 22:49
LDIAXQSHPARL,669661036797,65715,0,UPI,02-07-2017 11:39
PVBQYKUYBFZU,627264626794,41620,1,Credit Card,19-06-2011 06:34
APOZKYSRCEPC,154394530937,75109,0,Debit Card,19-02-2016 00:53
VOOVFTQYUAVR,221563225984,42785,1,Credit Card,14-12-2013 15:17
CGBAVHLNPZQE,881868891509,16967,1,Debit Card,23-12-2010 10:31
EVPYABGZTDLO,299026039115,33483,1,Credit Card,27-06-2014 19:03
YURNVBRQNBNJ,247398967198,65836,0,Debit Card,01-08-2016 00:52
KCCQIIXWKGUL,816039193549,63066,1,Debit Card,20-05-2019 21:40
VKEENAZTONPK,290364828058,90575,1,Credit Card,28-05-2012 22:02
MFJFXMQMWKUH,272635433470,96509,0,Debit Card,03-01-2016 06:34
LLOSAYYPKLDM,914263298875,72650,1,Debit Card,17-11-2020 22:36
FZKVPXUGADWW,333563064733,52489,1,Debit Card,27-11-2019 20:10
YZRNRMDRHLYO,996799939039,34935,1,UPI,06-09-2022 06:34
IOJMUFHTDSZZ,710164226280,57987,1,Debit Card,08-01-2014 14:34
IMQCWMVESVFE,658035864280,44058,1,Credit Card,21-02-2019 06:43
SMFSWUQTJAON,785444595698,17169,0,UPI,26-11-2017 21:09
DZYZYEQXDANW,333309962022,35242,1,Debit Card,11-08-2021 13:02
HHHHEPAYSXKT,882942314924,36847,0,UPI,18-04-2019 02:20
YNLZTJIIFEPI,801789762163,76406,1,Debit Card,05-11-2023 00:54
ASRFIBASLRVH,378677452899,94294,1,Debit Card,14-06-2015 17:12
KNWPDLDRJAUD,471885375059,93379,0,Debit Card,01-03-2024 11:44
CXSJTWHSUQLC,255409698277,37114,1,Debit Card,21-01-2014 14:19
SYHKHPRISKIK,780334926158,67137,1,Credit Card,05-08-2023 11:36
GBCWXHUEQDYG,911901989921,78501,0,Credit Card,03-02-2016 19:27
CETACSDMXFWB,469134113786,63787,0,Credit Card,20-07-2010 03:10
QRLROGPZFXCP,433301027042,96401,0,UPI,27-11-2014 18:14
VJEAMDBVPBHK,211954811133,30469,0,Debit Card,20-04-2010 15:22
KXTQGYOJVSXL,922658641953,44588,0,Debit Card,19-06-2020 18:03
JWDMJESKPPEI,870170707622,77922,0,Credit Card,25-08-2023 00:18
XMBOZMASLRUY,327833253823,76905,1,Debit Card,09-12-2012 17:42
DXZVUOFMJSZT,139652002906,57493,0,Credit Card,08-07-2020 00:07
SMZPXGHLIDTD,687278806702,45855,1,UPI,15-06-2024 10:37
NABNSQUYBRXS,746337003374,26406,0,Credit Card,08-05-2019 03:23
QAYYVJHGRAEK,727586995810,22101,0,UPI,17-05-2011 13:29
LYWOOFWLLQFJ,436657019353,17533,1,Debit Card,12-01-2016 21:03
HQJUXOITLIQB,813051704630,80925,1,Debit Card,19-08-2012 00:14
SBSOVSGOPWMW,849211169221,50625,0,UPI,05-03-2020 13:51
RRHMSEIJKGSS,369777134974,26352,0,Debit Card,03-02-2013 01:40
HFDOWPJWNWGW,892948991467,17164,0,UPI,14-10-2012 18:08
VMGIHNNOZSOQ,403642613703,20914,1,Debit Card,03-01-2021 05:19
EABPJGPWUHUV,505670668298,29237,1,Debit Card,06-10-2018 09:21
SKQACXATYQEG,216428258127,34166,0,Credit Card,11-02-2016 22:02
OYQPGOGRAVQX,694328028602,57813,1,UPI,13-11-2014 07:01
PYGBMUUGDXYB,296683547597,72896,1,UPI,19-09-2013 16:36
KXYXYFYJMOHS,335037121198,25933,1,Debit Card,16-01-2012 03:23
GIRVFMIJTVME,458833142264,90241,0,Credit Card,20-01-2023 16:19
JQIAUZRPVZAI,973898501507,24332,1,UPI,15-07-2014 18:52
QOHCSXSOSCDZ,966096508438,99274,1,Debit Card,21-05-2015 16:38
MQKGMXXOFJMU,573575971207,85343,1,UPI,07-07-2013 16:29
ZHSSFJYCZSYH,901016990234,81719,1,Credit Card,25-11-2022 11:52
ACFQUHHPCRJY,661974472993,89411,0,Debit Card,04-03-2015 03:44
JQNUWOZBPKUL,635738518219,88516,0,UPI,25-11-2017 12:00
GFGYJFSEGTYB,384116897963,93712,1,UPI,06-09-2024 03:44
AMYYVLESWTKL,375346256293,59013,1,Debit Card,24-12-2012 15:17
DUABLNDAONXK,687285347581,15819,1,UPI,12-09-2021 23:27
BDLGPXPAWFYW,347970534743,99589,0,Debit Card,03-05-2010 04:04
BYRAUCRXGVTS,113068002935,31038,0,UPI,21-12-2024 04:38
GXXJUMSWBAKP,967130406248,73081,0,Debit Card,04-11-2022 13:07
ZYWQWVWLMNVN,311192401229,73304,0,UPI,12-06-2013 01:46
YAZHJSVUPEWD,459185397825,57903,1,Credit Card,13-07-2022 03:16
TFTQEECTJBGC,909278679583,75643,1,Debit Card,02-07-2015 11:55
RENNJHHEHUUF,213278250770,84749,0,UPI,11-07-2018 03:21
EFHAWGXYHYDA,682994210146,99335,0,UPI,23-11-2011 17:18
TERUMVIXQBRI,571591967304,61324,0,Credit Card,18-12-2017 06:04
HSUQVOOCCYBP,194376651031,51711,0,Credit Card,12-08-2011 16:13
LDLIOGTIMFCZ,686941765325,14190,1,Credit Card,27-12-2021 14:08
ZSFJEYFPTVVH,775036634917,62651,0,Debit Card,08-10-2011 13:12
GJKGRKEYSGNK,270184732089,61389,1,UPI,06-07-2020 03:10
HPHGWSZRTJOY,997982279715,61376,0,Debit Card,02-02-2011 03:46
WUITVNXBZBAY,786979411143,21467,1,Debit Card,06-12-2010 21:13
OWMPSEMEKZND,124272953160,40014,0,UPI,28-09-2013 14:47
UMDXLYHNBMPQ,945981205282,63759,1,Debit Card,06-12-2022 21:58
YLLUGKQSWIOG,609254203093,77994,0,Debit Card,24-05-2020 01:11
WIABHIVBASYP,411043212374,73440,1,Debit Card,27-01-2023 05:45
QMTCKNVJFJWR,662178403326,82296,0,Debit Card,05-07-2018 18:44
NTVJSADUHXEZ,751333200439,33294,1,UPI,27-12-2019 20:19
MFNPCPPVVOPR,816534613035,49042,0,Debit Card,22-03-2020 05:05
JQIHOAMMVALI,743815768319,10087,1,Debit Card,07-08-2020 21:44
QELGFFBWMXQQ,502167016805,98685,1,Credit Card,25-01-2014 18:31
LZLNXLSTFLGV,112960747751,47131,0,UPI,25-12-2020 03:40
XUBIPULBSLII,421515247013,90926,1,UPI,13-02-2020 15:48
QKXCNJEEULFN,411655317905,41877,0,Credit Card,24-03-2023 10:38
DNMCRWMDPAHY,494571818171,38029,0,Credit Card,07-04-2020 14:37
RMNBOCAUVEAB,546640486304,27829,0,UPI,10-06-2014 22:31
HFQXUBZIDGXQ,348173623323,83078,1,Credit Card,17-12-2022 05:38
ZMBWVKNLBOIC,399374911665,73663,0,Debit Card,04-02-2019 12:34
UOICJCRXFVBX,901430952707,49293,0,UPI,24-12-2018 17:44
JLBZBRNPJOVI,271590393329,87570,0,Credit Card,13-01-2015 20:12
OLKECDYXVQBW,333282721284,95170,0,Debit Card,16-08-2020 20:13
OWJFDVGGOYBX,548353829225,32735,1,UPI,09-05-2018 01:27
JGOWKSJPOWWO,304923321134,61144,0,Credit Card,17-01-2015 15:52
EPPAJSHNZMWZ,413488769395,47528,1,Credit Card,06-07-2016 13:28
QHJBNAFNEYRV,941594270289,88147,0,Debit Card,23-05-2020 23:43
JWPKLZLWTOAO,918023831735,19664,0,UPI,15-08-2018 03:58
BJMNPXWYFTLQ,935667149628,32496,0,Debit Card,21-03-2016 00:15
IOUOYFKABTHX,895624819050,11565,1,Credit Card,15-07-2024 10:53
CNAASZDTAYHX,675349485831,59278,0,Debit Card,12-08-2017 09:19
EICGFJDUUPKA,720021324118,69277,1,Debit Card,28-03-2018 00:30
DWABUEUBHFLP,945715887274,17021,1,UPI,20-03-2024 15:17
UEYDDSJOCAAD,625812280224,35052,1,UPI,05-11-2010 09:35
TCNBXFJOOFNF,731362445533,90308,0,UPI,04-07-2022 15:09
WWOPJHYIWSSQ,834328525259,20442,1,Debit Card,26-09-2010 23:33
NEUOQAPQXEHD,175204518435,93883,0,Credit Card,09-11-2017 00:07
LEBXPPBYNLIR,576093471292,36129,0,UPI,21-04-2020 11:35
YFMLXTVTEZVW,930541353451,49212,0,Debit Card,07-02-2020 13:06
GPITMGGLPYPF,539677310229,20868,1,UPI,17-10-2017 14:06
ZLBBGYQGSKJT,472745542655,50835,1,UPI,05-06-2022 13:53
SLHCMCNMLOBP,992444070959,86501,1,Credit Card,12-08-2014 22:45
XVKMVFYZBSNT,475492408241,55388,1,Debit Card,15-09-2012 07:16
BRDTKXSHLOFT,551442385916,26836,0,Debit Card,23-01-2015 15:24
BPSSOBZZDWQB,324184589602,46016,0,Credit Card,07-07-2024 23:07
KRZTQYTAOAEB,463031291548,33715,0,Debit Card,05-10-2012 01:57
SAKGZUSKGISB,626828359535,97003,0,UPI,18-04-2016 10:10
GSFFNXZVMCMB,315157336034,37834,0,UPI,27-03-2021 19:25
JORZESRTJABZ,437997901436,94141,1,Credit Card,03-01-2012 06:27
SGCRNDWSLIJU,522480492651,13388,0,Credit Card,01-09-2020 22:41
KAYKEXAWMLCE,700010308984,93690,1,Credit Card,12-12-2016 19:57
YKMGYVNSZAZG,994279970876,48403,1,UPI,18-12-2017 20:04
AKDITJWLPQYM,550150428706,63152,0,Credit Card,03-11-2023 11:01
PVRFAMMPLBWN,387379956920,64529,1,UPI,12-10-2010 15:19
IUPPGJECVNKS,960633558236,22791,1,Debit Card,05-12-2012 15:00
FEJWXZYHNCRR,929973784065,14646,1,Debit Card,11-03-2010 20:37
AGYKEZXCHNRA,847273435300,48592,0,Debit Card,15-02-2020 23:25
MPBIDXHOYAYM,927650492217,91994,1,Credit Card,07-07-2016 01:07
QKUROLZSIUIN,144747517410,97695,1,UPI,27-09-2022 13:14
MVGOYTXUTWBG,548657022889,67563,1,UPI,11-12-2011 07:25
SYSBGINHZTAN,315214183463,94063,0,Debit Card,09-07-2022 17:26
QCVICAGPTSSF,856556488378,64738,1,Debit Card,27-02-2020 19:20
WFASMBJSXLDM,726142010302,11007,0,Debit Card,07-10-2021 15:06
UAYAFNULEGUG,928596281651,71991,0,UPI,04-10-2024 16:27
KRBAGIMXSNQO,109747160062,65998,0,UPI,08-02-2024 22:49
AYQJMDQZDTHE,511361750891,73862,1,Credit Card,17-12-2022 19:25
JKPPIMAKPPRA,262893866893,57633,0,UPI,04-10-2013 03:00
KHVGSASYTQRM,638761177921,83422,0,UPI,08-08-2018 11:43
CYJSVOAYABBQ,202709334038,24219,1,Credit Card,09-11-2014 01:21
OSZUXGKZNGEB,513253158606,81763,0,Credit Card,12-06-2011 10:37
OOZMWXFGVNWI,299515807383,50013,1,Debit Card,16-06-2020 00:21
LZHIHZNVNLFK,917442255053,87831,0,Credit Card,19-07-2015 03:55
IYOQEHXAJWVL,340502936526,27229,1,Debit Card,26-07-2012 08:23
ODWFQVSRLDYM,355798312220,97958,1,Debit Card,01-08-2014 20:19
TKGTUBLTFSXF,681231042544,30410,0,Debit Card,10-12-2020 16:49
DQPVAREKQEMH,302649705412,78529,1,UPI,27-11-2010 19:51
OWXUEYMIAANM,623791459744,31434,1,Debit Card,23-10-2024 06:27
STCIAPZJAFKX,227492473320,75135,1,UPI,24-04-2019 13:29
JPTASKQOZOTD,163298770703,70435,0,UPI,10-02-2014 03:10
PGYPXEMPMRVC,733680835095,91512,0,UPI,10-06-2010 08:37
EGLGXJEVBYBB,199799733792,81373,1,UPI,07-03-2011 06:54
DJXTNTJKZHKU,335292914375,18984,0,UPI,25-08-2016 00:27
FBPKNJPXVFFX,367913729312,80446,1,UPI,10-07-2021 13:11
VAYDZKEXYQND,779062562693,69166,0,UPI,06-06-2015 20:09
DOYGOUKSEFPK,612866842660,39025,1,UPI,21-10-2013 09:49
EWMPYDSXQXWN,508168621948,71618,0,Debit Card,08-07-2022 21:27
JAIAVVYZVGUB,435803085413,14988,1,UPI,08-10-2019 10:15
TCZDXGJCFKQX,953304977471,32950,1,UPI,16-09-2016 07:35
IUMANGOMOCKP,166835600277,63909,0,Debit Card,21-01-2017 14:00
DIXMBOUCIPZM,675440536115,67826,1,Debit Card,17-07-2011 01:56
ZPRMLSFROPEA,631952341430,76944,1,Credit Card,28-11-2020 01:11
EGKWNEJMYMXA,155473379126,36338,1,UPI,22-05-2015 16:15
WZJCQVJFIOXL,963857804076,86544,1,Debit Card,13-11-2020 18:02
URHNASXBQLWD,928253326357,30366,0,Credit Card,17-09-2019 07:43
TMOUHBXCGKSK,253333496191,69513,1,UPI,11-07-2021 12:32
YXXQLIHUYKSS,854404222800,22128,0,UPI,09-07-2011 03:35
RMRNBKQZMKBT,356037940986,24100,1,Debit Card,22-03-2020 02:22
ASAUAJONJNMT,330335178419,57554,0,UPI,07-01-2016 13:12
XKOFEFBNRKPK,346197380068,59827,1,Debit Card,08-08-2011 15:20
DDSKEUMSQOKN,418794929931,48157,0,Debit Card,28-06-2017 01:40
YCJKPVBMWMGI,127074541851,79325,1,Debit Card,12-04-2012 15:34
INLIOFTZKEDV,495512658748,74579,0,Credit Card,27-02-2022 20:48
RRIGONSHBJDI,360437256335,41425,0,Debit Card,17-02-2022 13:58
OHKOYUFYIQFW,585388963559,53284,0,UPI,25-07-2013 09:47
DBHTGLUIAIJM,105727552884,49052,1,Debit Card,13-01-2021 16:18
QQREZNGBYWPJ,382917923478,40419,0,UPI,02-10-2013 09:26
GRSMJPSZHNZI,657907133882,70771,0,Credit Card,14-10-2023 02:10
PGSZZLVNSCEZ,465603725959,46268,1,Credit Card,18-09-2017 17:33
MUFUKWXJAVDU,809527106345,97897,1,Debit Card,06-05-2013 07:21
MFXEHYANRDSF,162309211160,33900,1,Debit Card,17-08-2016 06:30
XIJJHHQOUYTA,897994108314,89337,0,Debit Card,07-07-2023 00:15
HXNEEZMGBIRE,610152975586,45098,0,UPI,08-01-2022 10:42
AKHNRLNZMTJV,622410854413,37332,0,Debit Card,24-10-2020 09:31
ICUTFVRTZPHM,918921242640,32707,0,Debit Card,23-05-2014 09:31
DEAYTSSXDRGA,303215626960,40549,1,UPI,07-11-2012 09:53
SLOQYRDBXLXK,144433744786,17440,0,UPI,26-08-2010 23:50
UYUMLZEBHAYN,504589449866,17566,0,Debit Card,25-01-2024 01:40
IWYJIRQRUHAD,829128098475,90977,0,Credit Card,19-04-2022 23:35
XQEPXBFRRRJS,708535881100,80442,0,Debit Card,16-12-2020 02:11
XKBJAKYMTRLY,712848384351,39460,1,Debit Card,05-08-2014 00:42
ZYSXUJVUFIWP,311696602773,74537,0,Credit Card,06-08-2015 15:36
BEIGYUDYSAGF,244774634772,66864,0,Debit Card,15-02-2022 17:56
QLWWQFMPRRMN,362739576705,29941,1,Debit Card,10-01-2014 23:42
UUUOKLVDJSFV,452653357057,34595,1,Credit Card,18-06-2013 13:19
QBZEQQISXFDS,557800940901,85042,0,Debit Card,08-09-2020 04:17
EJTTISUKWJHJ,738183193742,19807,0,UPI,04-05-2011 23:06
OIWDQBWDIUZY,530509988845,45815,1,UPI,07-06-2018 03:07
OIWDQBWDIUZY,969159947644,82890,1,UPI,07-06-2018 03:07
PLISKOBPZUKL,216605158519,78124,1,UPI,26-03-2020 11:58
PLISKOBPZUKL,245395680273,88924,1,UPI,21-10-2022 10:53
PLISKOBPZUKL,123229416353,87251,1,UPI,26-01-2020 10:52
